name,surname,email,street,city,disciplines,school
Cory,Levy,c.levy@email.com,Sonnenstr. ,Cologne,Geography;History;Sociology,School Cologne
Juliana,Cohen,j.cohen@email.com,Sonnenstr. 8,Cologne,Math;Physics,School Cologne
Maximilian,Bayer,m.bayer@email.com,Sonnenstr. 10,Cologne,Biology;Chemistry,School Cologne
Fiona,Schmidt,f.schmidt@email.com,Sonnenstr. 11,Cologne,Sport,School Cologne
Joe,Herman,j.herman@email.com,Sonnenstr. 12,Cologne,English,School Cologne
Lily,Guzmann,l.guzmann@email.com,Sonnenstr. 12,Cologne,German,School Cologne
Jonas, Sturm,j.sturm@email.com,Sonnenstr. 4,Cologne,French,School Cologne
Seraphin,Swift,s.swift@email.com,Sonnenstr.5,Cologne,Latin,School Cologne